
insert into admin (name, surname, address, city, country, email, password, explanation, money, number,version) values ('Wynnie', 'Marians', '6 Texas Crossing', 'Jiabeiyan', 'China', 'wmarians0@skyrock.com', 'PHchtvkk7', 'est congue elementum in hac habitasse', 583, '813-989-0158',0);
insert into admin (name, surname, address, city, country, email, password, explanation, money, number,version) values ('Jule', 'M''Quhan', '67 Forest Pass', 'Pallasovka', 'Russia', 'jmquhan1@eventbrite.com', 'AI0fKItOI', 'nulla sed vel enim sit', 1753, '248-360-9216',0);
insert into admin (name, surname, address, city, country, email, password, explanation, money, number,version) values ('Rosamond', 'Huccaby', '2216 Pankratz Road', 'Lutou', 'China', 'rhuccaby2@mac.com', 'b5ODA4hOqSF6', 'elementum ligula vehicula consequat', 1581, '224-913-2995',0);
insert into admin (name, surname, address, city, country, email, password, explanation, money, number,version) values ('Derk', 'Plett', '82 Southridge Crossing', 'Buchou', 'China', 'dplett3@yale.edu', 'yXexiEA', 'posuere cubilia curae nulla dapibus dolor vel', 675, '703-565-6821',0);
insert into admin (name, surname, address, city, country, email, password, explanation, money, number,version) values ('Ashia', 'Jumont', '5499 Bartelt Drive', 'Santa Praxedes', 'Philippines', 'ajumont4@delicious.com', 'I6JMiJp', 'est donec odio justo sollicitudin ut suscipit', 619, '334-758-1680',0);
insert into admin (name, surname, address, city, country, email, password, explanation, money, number,version) values ('Julietta', 'Cullington', '8 Northwestern Point', 'Graz', 'Austria', 'jcullington5@last.fm', 'FUmllYV', 'ut erat curabitur gravida nisi at', 945, '984-137-4429',0);
insert into admin (name, surname, address, city, country, email, password, explanation, money, number,version) values ('Darlene', 'Woolcocks', '61049 Duke Drive', 'Cihaurbeuti', 'Indonesia', 'dwoolcocks6@dell.com', 'CxpqT4tp', 'pulvinar sed nisl nunc rhoncus dui', 418, '121-388-8541',0);
insert into admin (name, surname, address, city, country, email, password, explanation, money, number,version) values ('Darlene', 'Woolcocks', '61049 Duke Drive', 'Cihaurbeuti', 'Indonesia', 'maki@gmail.com', '$2a$04$ukkSA8x5hr/LMuS7tQm48eqGg2Z1SG2/jBbOKjfA0Q9WHZ3qIx.Ee', 'pulvinar sed nisl nunc rhoncus dui', 418, '121-388-8541',0);



insert into client (name, surname, address, city, country, email, password, explanation, penalty, number, points,version) values ('Washington', 'Eggar', '24832 Katie Avenue', 'Sena Madureira', 'Brazil', 'lance.3101@gmail.com', '0LLEye', 'eu orci mauris lacinia', 1, '200-105-3377',5,0);
insert into client (name, surname, address, city, country, email, password, explanation, penalty, number,points,version) values ('Gilberta', 'Mc Gorley', '8 Eagle Crest Lane', 'Kalapagada', 'Indonesia', 'gmcgorley1@google.co.uk', 'CfeDpUgYV', 'tortor risus dapibus augue vel accumsan', 1, '396-623-0749',5,0);
insert into client (name, surname, address, city, country, email, password, explanation, penalty, number,points,version) values ('Zack', 'Arr', '7 Pearson Road', 'Kuala Terengganu', 'Malaysia', 'zarr2@moonfruit.com', 'AqPQ7kMAw0XT', 'amet lobortis sapien sapien', 2, '506-992-9704',5,0);
insert into client (name, surname, address, city, country, email, password, explanation, penalty, number,points,version) values ('Tandi', 'O''Hogertie', '8 Homewood Terrace', 'Magallon Cadre', 'Philippines', 'tohogertie3@usda.gov', 'fhqkCx', 'ornare consequat lectus in', 1, '607-868-4032',5,0);
insert into client (name, surname, address, city, country, email, password, explanation, penalty, number,points,version) values ('Madelon', 'Showler', '226 Mosinee Crossing', 'Kiruna', 'Sweden', 'mshowler4@chicagotribune.com', 'KebqbOYs8Zp', 'iaculis justo in hac', 0, '609-933-8055',5,0);
insert into client (name, surname, address, city, country, email, password, explanation, penalty, number,points,version) values ('Maryjo', 'Scopes', '7 Leroy Crossing', 'Karakulino', 'Russia', 'mscopes5@amazon.com', 'II2lgvQGJ0ii', 'consectetuer adipiscing elit proin', 2, '101-938-9772',5,0);
insert into client (name, surname, address, city, country, email, password, explanation, penalty, number,points,version) values ('Susette', 'Vondrach', '54539 Thompson Drive', 'Veyno', 'Belarus', 'svondrach6@webmd.com', 'PC247L', 'in tempor turpis nec euismod scelerisque quam', 2, '187-688-8289',5,0);
insert into client (name, surname, address, city, country, email, password, explanation, penalty, number,points,version) values ('Washington', 'Eggar', '24832 Katie Avenue', 'Sena Madureira', 'Brazil', 'maki2@gmail.com', '$2a$04$ukkSA8x5hr/LMuS7tQm48eqGg2Z1SG2/jBbOKjfA0Q9WHZ3qIx.Ee', 'eu orci mauris lacinia', 1, '200-105-3377',5,0);
insert into client (name, surname, address, city, country, email, password, explanation, penalty, number,points, activated, deleted,version) values ('Mladen', 'Pavlovic', 'Sajam', 'Novi Sad', 'Srbija', 'maki3@gmail.com', '$2a$04$a5w3BfZtlb81uQ/WPUgZb.bgFSrYdS8sKI6psdTu0OzFFiuvHdZ1y', 'eu orci mauris lacinia', 1, '200-105-3377' ,5,'true', 'false',0);

insert into cottage_owner (name, surname, address, city, country, email, password, explanation, number,activated,deleted,version) values ('Bev', 'Kumar', '404 Quincy Trail', 'Patrol', 'Indonesia', 'bkumar0@quantcast.com', 'A7fP2T', 'nullam sit amet turpis', '774-188-1464', 'false', 'false',0 );
insert into cottage_owner (name, surname, address, city, country, email, password, explanation, number,activated,deleted,version) values ('Damaris', 'Kamen', '7 Butternut Trail', 'Zhangdian', 'China', 'dkamen1@rakuten.co.jp', 'BuJdMYXzNoCh', 'faucibus orci luctus et ultrices posuere', '776-398-5991', 'false', 'false',0);
insert into cottage_owner (name, surname, address, city, country, email, password, explanation, number,activated,deleted,version) values ('Isidro', 'Lenchenko', '7346 Toban Alley', 'Longlisuo', 'China', 'ilenchenko2@netvibes.com', 'sFeTCgTOs9y6', 'sem duis aliquam convallis nunc', '378-695-9002', 'false', 'false',0);
insert into cottage_owner (name, surname, address, city, country, email, password, explanation, number,activated,deleted,version) values ('Salvatore', 'Bilbery', '23 Moose Street', 'Jingkou', 'China', 'sbilbery3@linkedin.com', '0TfgVmJ', 'quis turpis sed ante vivamus tortor duis', '574-163-7535', 'false', 'false',0);
insert into cottage_owner (name, surname, address, city, country, email, password, explanation, number,activated,deleted,version) values ('Clair', 'Sitch', '0017 Towne Point', 'Gamut', 'Philippines', 'csitch4@homestead.com', 'OOOdqrVJHRi', 'non ligula pellentesque ultrices phasellus id', '215-334-8021', 'false', 'false',0);
insert into cottage_owner (name, surname, address, city, country, email, password, explanation, number,activated,deleted,version) values ('Penelope', 'Lawday', '220 Dunning Alley', 'Kamień Pomorski', 'Poland', 'plawday5@virginia.edu', 'FqNtq5cX', 'potenti cras in purus', '756-679-5373', 'false', 'false',0);
insert into cottage_owner (name, surname, address, city, country, email, password, explanation, number,activated,deleted,version) values ('Marko', 'Dostanic', 'Gajeva 17', 'Novi Sad', 'Srbija', 'marko.3101@gmail.com', '$2a$04$mXrsdCi9JyM3bwCFli9lVeJqan3zcD/DBF5vrueFcbSpuPuEndNLq', 'profit!!!', '0621977298', 'true', 'false',0);

insert into boat_owner (name, surname, address, city, country, email, password, explanation, number, biography,activated,deleted,version) values ('Derward', 'Chaman', '9113 Ridgeview Drive', 'Atbasar', 'Kazakhstan', 'dchaman1@blogger.com', 'PhlzzeNZSpV', 'vivamus in felis eu sapien cursus', '910-482-2549', 'neque libero convallis eget eleifend luctus', 'false', 'false',0);
insert into boat_owner (name, surname, address, city, country, email, password, explanation, number, biography,activated,deleted,version) values ('Odille', 'Burdge', '448 Grim Hill', 'Szolnok', 'Hungary', 'oburdge2@alexa.com', '73LEwbOYnx', 'in est risus auctor sed tristique', '244-337-6987', 'nonummy integer non velit donec diam', 'false', 'false',0);
insert into boat_owner (name, surname, address, city, country, email, password, explanation, number, biography,activated,deleted,version) values ('Averil', 'Stodd', '2 Maywood Plaza', 'Sangmu', 'China', 'astodd3@desdev.cn', 'QoU8STTzE', 'malesuada in imperdiet et commodo', '836-326-5788', 'in porttitor pede justo eu massa donec', 'false', 'false',0);
insert into boat_owner (name, surname, address, city, country, email, password, explanation, number, biography,activated,deleted,version) values ('Lalo', 'Hynd', '4 Meadow Ridge Center', 'Zhongtang', 'China', 'lhynd4@deviantart.com', 'VoN9GWevJ5', 'nibh in lectus pellentesque at', '187-963-4731', 'sapien cursus vestibulum proin eu mi', 'false', 'false',0);
insert into boat_owner (name, surname, address, city, country, email, password, explanation, number, biography,activated,deleted,version) values ('Lutero', 'Zorzenoni', '181 Emmet Court', 'Slovenski Javornik', 'Slovenia', 'lzorzenoni5@uol.com.br', 'uDDsc4j', 'erat id mauris vulputate', '755-593-9718', 'integer pede justo lacinia', 'false', 'false',0);
insert into boat_owner (name, surname, address, city, country, email, password, explanation, number, biography,activated,deleted,version) values ('Phil', 'Foden', 'Etihad', 'Manchester', 'England', 'phil@gmail.com', '$2a$04$mXrsdCi9JyM3bwCFli9lVeJqan3zcD/DBF5vrueFcbSpuPuEndNLq', 'afdafdafdaf', '33322', 'docent', 'true', 'false',0);

insert into instructor (name, surname, address, city, country, email, password, explanation, number, short_biography,activated,deleted,version) values ('Hollyanne', 'Evason', '5 Blaine Court', 'Satita', 'Syria', 'hevason0@unc.edu', '2Pw3GomL', 'varius nulla facilisi cras non velit nec', '184-505-2872', 'congue diam id ornare', 'false', 'false',0);
insert into instructor (name, surname, address, city, country, email, password, explanation, number, short_biography,activated,deleted,version) values ('Job', 'Bruyett', '145 Hudson Circle', 'Serrana', 'Brazil', 'jbruyett1@hao123.com', 'ypmzmZ', 'eu interdum eu tincidunt', '343-751-1474', 'nisl duis ac nibh fusce lacus', 'false', 'false',0);
insert into instructor (name, surname, address, city, country, email, password, explanation, number, short_biography,activated,deleted,version) values ('Brynne', 'Kun', '11844 Bay Lane', 'Konga', 'Indonesia', 'bkun2@auda.org.au', 'UdIV9X', 'feugiat et eros vestibulum ac est', '281-946-1431', 'dapibus at diam nam tristique tortor', 'false', 'false',0);
insert into instructor (name, surname, address, city, country, email, password, explanation, number, short_biography,activated,deleted,version) values ('Kate', 'Backes', '8144 Cherokee Circle', 'Lipno', 'Poland', 'kbackes3@mashable.com', '4WmKmbmc4m5', 'justo pellentesque viverra pede', '492-126-5918', 'eu felis fusce posuere felis sed', 'false', 'false',0);
insert into instructor (name, surname, address, city, country, email, password, explanation, number, short_biography,activated,deleted,version) values ('Jaye', 'Speek', '096 Chive Point', 'Ubatã', 'Brazil', 'jspeek4@archive.org', 'yH4nFgGW', 'id justo sit amet', '843-342-2954', 'consequat morbi a ipsum', 'false', 'false',0);
insert into instructor (name, surname, address, city, country, email, password, explanation, number, short_biography,activated,deleted,delete_request,version) values ('Rosalyn', 'Brandt', '68018 Hudson Plaza', 'El Cerrito', 'Mexico', 'rbrandt5@dailymotion.com', 'o7ATWWAFA', 'nulla suscipit ligula in lacus', '919-337-2121', 'eros elementum pellentesque quisque porta volutpat erat', 'true', 'false','true',0);
insert into instructor (name, surname, address, city, country, email, password, explanation, number, short_biography,activated,deleted,delete_request,version) values ('Mano', 'Salmons', '210 Meadow Valley Point', 'Jabat', 'Marshall Islands', 'msalmons6@hao123.com', 'B8ktNE6', 'sapien arcu sed augue', '756-943-8916', 'pellentesque eget nunc donec quis orci', 'true', 'false','true',0);
insert into instructor (name, surname, address, city, country, email, password, explanation, number, short_biography,activated,deleted,delete_request,version) values ('Mano', 'Salmons', '210 Meadow Valley Point', 'Jabat', 'Marshall Islands', 'savke@gmail.com', '$2a$04$mXrsdCi9JyM3bwCFli9lVeJqan3zcD/DBF5vrueFcbSpuPuEndNLq', 'sapien arcu sed augue', '756-943-8916', 'pellentesque eget nunc donec quis orci', 'true', 'false','true',0);

insert into instructor_rate (rate, instructor_id, client_id,accepted,request) values (9, 1, 7,'false','true');
insert into instructor_rate (rate, instructor_id, client_id,accepted,request) values (7, 6, 5,'false','true');
insert into instructor_rate (rate, instructor_id, client_id,accepted,request) values (5, 6, 3,'false','true');
insert into instructor_rate (rate, instructor_id, client_id,accepted,request) values (5, 5, 3,'false','true');
insert into instructor_rate (rate, instructor_id, client_id,accepted,request) values (6, 3, 1,'false','true');
insert into instructor_rate (rate, instructor_id, client_id,accepted,request) values (6, 3, 2,'false','true');
insert into instructor_rate (rate, instructor_id, client_id,accepted,request) values (5, 5, 7,'false','true');


insert into boat (name, address, capacity, max_speed, motor_power, price, promo_description, status, type, boat_owner_id, length, num_motors, cancellation_condition, url) values ('Bennie', '08 Stang Center', 3, 62, 9, 66, 'quis lectus suspendisse potenti in eleifend quam', 'free', 'deck', 5, 9, 1, 10, 'https://maps.google.com/maps?q=08%20stang%20center&t=&z=13&ie=UTF8&iwloc=&output=embed');
insert into boat (name, address, capacity, max_speed, motor_power, price, promo_description, status, type, boat_owner_id, length, num_motors, cancellation_condition, url) values ('Elana', '8540 Lyons Way', 4, 25, 10, 134, 'dictumst maecenas ut massa', 'free', 'deck', 6, 8, 3, 8, 'https://maps.google.com/maps?q=8540%20lyons%20way&t=&z=13&ie=UTF8&iwloc=&output=embed');
insert into boat (name, address, capacity, max_speed, motor_power, price, promo_description, status, type, boat_owner_id, length, num_motors, cancellation_condition, url) values ('Winnifred', '7626 Garrison Hill', 1, 49, 4, 149, 'amet erat nulla tempus vivamus in', 'booked', 'catamaran', 2, 13, 2, 7, 'https://maps.google.com/maps?q=7626%20garrison%20hill&t=&z=13&ie=UTF8&iwloc=&output=embed');
insert into boat (name, address, capacity, max_speed, motor_power, price, promo_description, status, type, boat_owner_id, length, num_motors, cancellation_condition, url) values ('Roxane', '65 Anderson Trail', 5, 55, 1, 84, 'orci luctus et ultrices posuere', 'free', 'catamaran', 3, 13, 3, 5, 'https://maps.google.com/maps?q=65%20anderson%20trail&t=&z=13&ie=UTF8&iwloc=&output=embed');
insert into boat (name, address, capacity, max_speed, motor_power, price, promo_description, status, type, boat_owner_id, length, num_motors, cancellation_condition, url) values ('Fania', '9 Oneill Way', 1, 25, 4, 50, 'a odio in hac habitasse platea', 'free', 'catamaran', 2, 13, 3, 10, 'https://maps.google.com/maps?q=9%20oneill%20way&t=&z=13&ie=UTF8&iwloc=&output=embed');
insert into boat (name, address, capacity, max_speed, motor_power, price, promo_description, status, type, boat_owner_id, length, num_motors, cancellation_condition, url) values ('Grantham', '29 Knutson Avenue', 4, 22, 8, 147, 'cursus urna ut tellus', 'free', 'catamaran', 2, 14, 2, 15, 'https://maps.google.com/maps?q=29%20knutson%20avenue&t=&z=13&ie=UTF8&iwloc=&output=embed');
insert into boat (name, address, capacity, max_speed, motor_power, price, promo_description, status, type, boat_owner_id, length, num_motors, cancellation_condition, url) values ('Lauritz', '712 Hanson Place', 2, 36, 5, 54, 'nisl duis bibendum felis sed', 'free', 'deck', 6, 5, 2, 10, 'https://maps.google.com/maps?q=712%20hanson%20place&t=&z=13&ie=UTF8&iwloc=&output=embed');

insert into boat_behavioral_rule (id, name, description, boat_id) values (1, 'Fixflex', 'posuere cubilia curae duis faucibus accumsan', 7);
insert into boat_behavioral_rule (id, name, description, boat_id) values (2, 'Radar', 'pretium quis lectus suspendisse potenti in eleifend', 6);
insert into boat_behavioral_rule (id, name, description, boat_id) values (3, 'VHF radio', 'nam nulla integer pede justo', 1);
insert into boat_behavioral_rule (id, name, description, boat_id) values (4, 'Fishfinder', 'nec nisi volutpat eleifend donec ut dolor', 3);
insert into boat_behavioral_rule (id, name, description, boat_id) values (5, 'Radar', 'at nibh in hac habitasse platea dictumst', 6);
insert into boat_behavioral_rule (id, name, description, boat_id) values (6, 'Fishfinder', 'curabitur convallis duis consequat', 3);
insert into boat_behavioral_rule (id, name, description, boat_id) values (7, 'GPS', 'iaculis diam erat fermentum justo nec condimentum', 5);

insert into boat_navigation_equipment (id, name, description, boat_id) values (1, 'Stim', 'id ligula suspendisse ornare', 3);
insert into boat_navigation_equipment (id, name, description, boat_id) values (2, 'Konklux', 'eget eros elementum pellentesque quisque', 5);
insert into boat_navigation_equipment (id, name, description, boat_id) values (3, 'Gembucket', 'quis augue luctus tincidunt nulla', 1);
insert into boat_navigation_equipment (id, name, description, boat_id) values (4, 'Aerified', 'morbi non quam nec dui luctus rutrum', 2);
insert into boat_navigation_equipment (id, name, description, boat_id) values (5, 'Duobam', 'orci mauris lacinia sapien quis libero nullam', 7);
insert into boat_navigation_equipment (id, name, description, boat_id) values (6, 'Quo Lux', 'vestibulum vestibulum ante ipsum primis', 4);
insert into boat_navigation_equipment (id, name, description, boat_id) values (7, 'Ronstring', 'erat eros viverra eget congue', 2);

insert into boat_reservation (cancellation_condition, boat_id, client_id, max_people, start_date, finish_date, status, price) values (12, 2, 4, 1, '8/6/2022', '12/7/2022', 'booked', 120);
insert into boat_reservation (cancellation_condition, boat_id, client_id, max_people, start_date, finish_date, status, price) values (11, 7, 3, 7, '9/26/2021', '10/13/2021', 'finished', 130);
insert into boat_reservation (cancellation_condition, boat_id, client_id, max_people, start_date, finish_date, status, price) values (6, 2, 5, 1, '12/16/2020', '2/11/2021', 'finished', 140);
insert into boat_reservation (cancellation_condition, boat_id, client_id, max_people, start_date, finish_date, status, price) values (6, 3, 5, 3, '10/9/2021', '11/5/2021', 'finished', 150);
insert into boat_reservation (cancellation_condition, boat_id, client_id, max_people, start_date, finish_date, status, price) values (2, 4, 4, 2, '8/11/2021', '9/13/2021', 'finished', 160);
insert into boat_reservation (cancellation_condition, boat_id, client_id, max_people, start_date, finish_date, status, price) values (15, 4, 5, 3, '5/31/2021', '8/28/2021', 'finished', 100);
insert into boat_reservation (cancellation_condition, boat_id, client_id, max_people, start_date, finish_date, status, price) values (15, 3, 5, 3, '7/31/2021', '8/28/2021', 'finished', 100);



insert into boat_quick_reservation (start_date_action, finish_date_action, cancellation_condition, boat_id, client_id, max_people, start_date, finish_date, discount, status, price) values ('6/10/2022', '6/18/2022', 8, 7, 7, 1, '6/16/2022', '6/18/2022', 30, 'booked', 120);
insert into boat_quick_reservation (start_date_action, finish_date_action, cancellation_condition, boat_id, client_id, max_people, start_date, finish_date, discount, status, price) values ('8/20/2022', '1/22/2022', 1, 2, 4, 5, '8/20/2022', '1/22/2022', 18, 'finished', 100);
insert into boat_quick_reservation (start_date_action, finish_date_action, cancellation_condition, boat_id, client_id, max_people, start_date, finish_date, discount, status, price) values ('8/20/2022', '1/22/2022', 2, 2, 6, 4, '9/21/2022', '9/25/2022', 29, 'free', 110);
insert into boat_quick_reservation (start_date_action, finish_date_action, cancellation_condition, boat_id, client_id, max_people, start_date, finish_date, discount, status, price) values ('8/20/2022', '1/22/2022', 7, 4, 6, 5, '2/15/2021', '9/5/2021', 14, 'finished', 150);
insert into boat_quick_reservation (start_date_action, finish_date_action, cancellation_condition, boat_id, client_id, max_people, start_date, finish_date, discount, status, price) values ('8/20/2022', '1/22/2022', 5, 1, 7, 6, '10/25/2021', '5/12/2021', 16, 'finished', 160);
insert into boat_quick_reservation (start_date_action, finish_date_action, cancellation_condition, boat_id, client_id, max_people, start_date, finish_date, discount, status, price) values ('8/20/2022', '1/22/2022', 13, 3, 2, 5, '10/2/2021', '1/12/2021', 16, 'finished', 170);
insert into boat_quick_reservation (start_date_action, finish_date_action, cancellation_condition, boat_id, client_id, max_people, start_date, finish_date, discount, status, price) values ('8/20/2022', '1/22/2022', 12, 2, 3, 7, '6/4/2022', '6/10/2022', 11, 'active', 120);

insert into boat_complaint (id, description, boat_reservation_id, client_id) values (1, 'congue etiam justo etiam pretium iaculis', 5, 5);
insert into boat_complaint (id, description, boat_reservation_id, client_id) values (2, 'sapien non mi integer ac neque', 3, 2);
insert into boat_complaint (id, description, boat_reservation_id, client_id) values (3, 'neque aenean auctor gravida sem praesent', 1, 4);
insert into boat_complaint (id, description, boat_reservation_id, client_id) values (4, 'eleifend quam a odio in hac', 6, 3);
insert into boat_complaint (id, description, boat_quick_reservation_id, client_id) values (5, 'quis tortor id nulla ultrices', 2, 5);
insert into boat_complaint (id, description, boat_quick_reservation_id, client_id) values (6, 'id turpis integer aliquet massa id lobortis', 4, 4);
insert into boat_complaint (id, description, boat_quick_reservation_id, client_id) values (7, 'rutrum at lorem integer tincidunt ante vel', 6, 4);

insert into boat_report (id, description, boat_quick_reservation_id, boat_owner_id) values (1, 'ac nibh fusce lacus purus aliquet', 1, 1);
insert into boat_report (id, description, boat_quick_reservation_id, boat_owner_id) values (2, 'in tempor turpis nec euismod scelerisque quam', 5, 5);
insert into boat_report (id, description, boat_quick_reservation_id, boat_owner_id) values (3, 'non mauris morbi non', 2, 4);
insert into boat_report (id, description, boat_quick_reservation_id, boat_owner_id) values (4, 'volutpat sapien arcu sed augue aliquam', 1, 5);
insert into boat_report (id, description, boat_reservation_id, boat_owner_id) values (5, 'montes nascetur ridiculus mus', 4, 5);
insert into boat_report (id, description, boat_reservation_id, boat_owner_id) values (6, 'felis sed interdum venenatis turpis enim blandit', 5, 5);
insert into boat_report (id, description, boat_reservation_id, boat_owner_id) values (7, 'condimentum curabitur in libero ut massa volutpat', 6, 3);


insert into boat_owner_rate (id, rate, boat_owner_id, client_id,accepted,request) values (1, 5, 6, 7,'false','true');
insert into boat_owner_rate (id, rate, boat_owner_id, client_id,accepted,request) values (2, 4, 4, 5,'false','true');
insert into boat_owner_rate (id, rate, boat_owner_id, client_id,accepted,request) values (3, 2, 1, 1,'false','true');
insert into boat_owner_rate (id, rate, boat_owner_id, client_id,accepted,request) values (4, 5, 1, 5,'false','true');
insert into boat_owner_rate (id, rate, boat_owner_id, client_id,accepted,request) values (5, 2, 4, 1,'false','true');
insert into boat_owner_rate (id, rate, boat_owner_id, client_id,accepted,request) values (6, 5, 4, 3,'false','true');
insert into boat_owner_rate (id, rate, boat_owner_id, client_id,accepted,request) values (7, 1, 1, 4,'false','true');

insert into boat_rate (id, rate, boat_id, client_id,accepted,request) values (1, 3, 2, 6,'false','true');
insert into boat_rate (id, rate, boat_id, client_id,accepted,request) values (2, 5, 7, 5,'true','true');
insert into boat_rate (id, rate, boat_id, client_id,accepted,request) values (3, 4, 5, 4,'false','true');
insert into boat_rate (id, rate, boat_id, client_id,accepted,request) values (4, 2, 6, 6,'false','true');
insert into boat_rate (id, rate, boat_id, client_id,accepted,request) values (5, 3, 4, 7,'false','true');
insert into boat_rate (id, rate, boat_id, client_id,accepted,request) values (6, 5, 1, 6,'false','true');
insert into boat_rate (id, rate, boat_id, client_id,accepted,request) values (7, 5, 7, 6,'true','true');


insert into cottage (name, address, price, promo_description, cottage_owner_id, num_rooms, num_beds, url) values ('Roma', '74 Petterle Hill', 114, 'purus eu magna vulputate', 7, 2, 2, 'https://maps.google.com/maps?q=74%20peterlee%20hill&t=&z=13&ie=UTF8&iwloc=&output=embed');
insert into cottage (name, address, price, promo_description, cottage_owner_id, num_rooms, num_beds, url) values ('Van', '19 Killdeer Park', 119, 'consectetuer adipiscing elit proin', 7, 2, 3, 'https://maps.google.com/maps?q=19%20killdeer%20park&t=&z=13&ie=UTF8&iwloc=&output=embed');
insert into cottage (name, address, price, promo_description, cottage_owner_id, num_rooms, num_beds, url) values ('Robinetta', '0 Evergreen Drive', 34, 'et ultrices posuere cubilia', 5, 3, 2, 'https://maps.google.com/maps?q=08%20stang%20center&t=&z=13&ie=UTF8&iwloc=&output=embed');
insert into cottage (name, address, price, promo_description, cottage_owner_id, num_rooms, num_beds, url) values ('Rahal', '6623 Fulton Road', 117, 'non lectus aliquam sit amet diam', 6, 4, 2, 'https://maps.google.com/maps?q=6623%20fulton%20road&t=&z=13&ie=UTF8&iwloc=&output=embed');
insert into cottage (name, address, price, promo_description, cottage_owner_id, num_rooms, num_beds, url) values ('Ravid', '9963 Grasskamp Hill', 144, 'a odio in hac habitasse', 7, 5, 2, 'https://maps.google.com/maps?q=9963%20grasskamp%20hill&t=&z=13&ie=UTF8&iwloc=&output=embed');
insert into cottage (name, address, price, promo_description, cottage_owner_id, num_rooms, num_beds, url) values ('Abigael', '405 Walton Terrace', 119, 'at nunc commodo placerat praesent', 6, 5, 2, 'https://maps.google.com/maps?q=405%20walton%20terrace&t=&z=13&ie=UTF8&iwloc=&output=embed');
insert into cottage (name, address, price, promo_description, cottage_owner_id, num_rooms, num_beds, url) values ('Upton', '588 Donald Court', 131, 'suscipit a feugiat et', 7, 3, 2, 'https://maps.google.com/maps?q=588%20donald%20court&t=&z=13&ie=UTF8&iwloc=&output=embed');

insert into fishing_class (price,max_people,name, address, promo_description, instructor_id, cancellation_condition) values (100,3,'Tomi', '139 Fair Oaks Point', 'justo etiam pretium iaculis justo in', 1, 14);
insert into fishing_class (price,max_people,name, address, promo_description, instructor_id, cancellation_condition) values (100,4,'Min', '028 Esch Junction',  'ut volutpat sapien arcu sed augue aliquam', 1, 4);
insert into fishing_class (price,max_people,name, address, promo_description, instructor_id, cancellation_condition) values (100,3,'Kale', '09 Spohn Way',  'odio cras mi pede malesuada in', 1, 5);
insert into fishing_class (price,max_people,name, address, promo_description, instructor_id, cancellation_condition) values (100,5,'Ann-marie', '7 Bluejay Junction',  'justo in hac habitasse platea dictumst etiam', 1, 11);
insert into fishing_class (price,max_people,name, address, promo_description, instructor_id, cancellation_condition) values (100,7,'Ad', '2 Warner Parkway',  'erat curabitur gravida nisi at nibh', 1, 6);
insert into fishing_class (price,max_people,name, address, promo_description, instructor_id, cancellation_condition) values (100,3,'Salli', '850 Almo Pass',  'risus praesent lectus vestibulum quam', 1, 11);
insert into fishing_class (price,max_people,name, address, promo_description, instructor_id, cancellation_condition) values (100,10,'Lesley', '3056 Vidon Court',  'nunc vestibulum ante ipsum primis in', 1, 7);
insert into fishing_class (price,max_people,name, address, promo_description, instructor_id, cancellation_condition) values (100,11,'Vikenica', 'Zelena gora',  'nunc vestibulum ante ipsum primis in', 1, 7);
insert into fishing_class (price,max_people,name, address, promo_description, instructor_id, cancellation_condition) values (100,11,'Vikenica', 'Zelena gora',  'nunc vestibulum ante ipsum primis in', 1, 8);

insert into fishing_class_behavioral_rule (name, description, fishing_class_id) values ('Effertz, Kris and Connelly', 'in ante vestibulum ante', 5);
insert into fishing_class_behavioral_rule (name, description, fishing_class_id) values ('Hauck, Rau and Schaden', 'posuere cubilia curae nulla dapibus dolor', 1);
insert into fishing_class_behavioral_rule (name, description, fishing_class_id) values ('Kunde, Feil and Zieme', 'vestibulum ante ipsum primis', 5);
insert into fishing_class_behavioral_rule (name, description, fishing_class_id) values ('Nader Inc', 'maecenas leo odio condimentum id luctus nec', 7);
insert into fishing_class_behavioral_rule (name, description, fishing_class_id) values ('Spencer Group', 'ultrices erat tortor', 3);
insert into fishing_class_behavioral_rule (name, description, fishing_class_id) values ('Bernier, Stanton and West', 'pretium iaculis diam', 1);
insert into fishing_class_behavioral_rule (name, description, fishing_class_id) values ('Cruickshank and Sons', 'pede posuere nonummy integer non', 1);

insert into fishing_class_quick_reservation (price, place, client_id, fishing_class_id, start_date, finish_date,start_date_action,finish_date_action,status) values (65,'Leiwang', 2, 3, '8/2/2022', '8/3/2022','5/31/2022', '6/13/2022','active');
insert into fishing_class_quick_reservation (price, place, client_id, fishing_class_id, start_date, finish_date,start_date_action,finish_date_action,status) values (34,'Tha Bo', 6, 3, '9/21/2022', '10/2/2022','5/31/2022', '6/13/2022','active');
insert into fishing_class_quick_reservation (price, place, client_id, fishing_class_id, start_date, finish_date,start_date_action,finish_date_action,status) values (64,'Bettendorf', 3, 1, '11/9/2022', '11/10/2022','5/31/2022', '6/13/2022','active');
insert into fishing_class_quick_reservation (price, place, client_id, fishing_class_id, start_date, finish_date,start_date_action,finish_date_action,status) values (120,'Didou', 1, 7, '6/17/2022', '7/20/2022','5/31/2022', '6/13/2022','active');
insert into fishing_class_quick_reservation (price, place, client_id, fishing_class_id, start_date, finish_date,start_date_action,finish_date_action,status) values (52,'Langley', 2, 4, '1/8/2021', '8/19/2021','5/31/2022', '6/13/2022','finished');
insert into fishing_class_quick_reservation (price, place, client_id, fishing_class_id, start_date, finish_date,start_date_action,finish_date_action,status) values (97,'Xidajie', 4, 7, '10/3/2021', '10/14/2021','5/31/2022', '6/13/2022','finished');
insert into fishing_class_quick_reservation (price, place, client_id, fishing_class_id, start_date, finish_date,start_date_action,finish_date_action,status) values (101,'Penhold', 4, 3, '7/31/2021', '11/6/2021','5/31/2022', '6/13/2022','finished');

insert into fishing_class_reservation (price, place, client_id, fishing_class_id, start_date, finish_date,status) values (30, 'Moita da Roda', 5, 8, '5/30/2022', '6/13/2022','active');
insert into fishing_class_reservation (price, place, client_id, fishing_class_id, start_date, finish_date,status) values (99, 'Joypur Hāt', 3, 9, '5/30/2022', '6/13/2022','active');
insert into fishing_class_reservation (price, place, client_id, fishing_class_id, start_date, finish_date,status) values (152, 'São José dos Campos', 3, 8, '5/30/2022', '6/13/2022','active');
insert into fishing_class_reservation (price, place, client_id, fishing_class_id, start_date, finish_date,status) values (56, 'Nāṟay', 1, 9, '1/3/2021', '2/27/2021','finished');
insert into fishing_class_reservation (price, place, client_id, fishing_class_id, start_date, finish_date,status) values (79, 'Tegalsari', 1, 1, '10/15/2021', '9/7/2021','finished');
insert into fishing_class_reservation (price, place, client_id, fishing_class_id, start_date, finish_date,status) values (58, 'Longzhou', 6, 2, '12/2/2020', '7/4/2021','finished');
insert into fishing_class_reservation (price, place, client_id, fishing_class_id, start_date, finish_date,status) values (125, 'Serh', 4, 6, '4/6/2021', '5/29/2021','finished');
insert into fishing_class_reservation (price, place, client_id, fishing_class_id, start_date, finish_date,status) values (25, 'Loznica', 1, 1, '7/15/2022', '7/29/2021','finished');

insert into fishing_class_complaint (description, fishing_class_reservation_id, client_id) values ('volutpat quam pede', 6, 7);
insert into fishing_class_complaint (description, fishing_class_reservation_id, client_id) values ('pretium nisl ut volutpat sapien arcu sed', 7, 3);
insert into fishing_class_complaint (description, fishing_class_reservation_id, client_id) values ('sapien a libero nam dui proin', 3, 7);
insert into fishing_class_complaint (description, fishing_class_reservation_id, client_id) values ('duis aliquam convallis', 4, 6);
insert into fishing_class_complaint (description, fishing_class_quick_reservation_id, client_id) values ('penatibus et magnis dis parturient montes', 7, 7);
insert into fishing_class_complaint (description, fishing_class_quick_reservation_id, client_id) values ('nulla integer pede justo lacinia eget tincidunt', 4, 1);
insert into fishing_class_complaint (description, fishing_class_quick_reservation_id, client_id) values ('nulla tellus in sagittis dui vel', 4, 2);

insert into fishing_class_report (description, fishing_class_reservation_id, instructor_id) values ('eros elementum pellentesque quisque porta volutpat erat', 7, 6);
insert into fishing_class_report (description, fishing_class_reservation_id, instructor_id) values ('vivamus vestibulum sagittis', 5, 7);
insert into fishing_class_report (description, fishing_class_reservation_id, instructor_id) values ('eget massa tempor', 2, 4);
insert into fishing_class_report (description, fishing_class_reservation_id, instructor_id) values ('in congue etiam', 2, 7);
insert into fishing_class_report (description, fishing_class_quick_reservation_id, instructor_id) values ('nam dui proin leo odio', 7, 6);
insert into fishing_class_report (description, fishing_class_quick_reservation_id, instructor_id) values ('est lacinia nisi venenatis tristique fusce congue', 7, 4);
insert into fishing_class_report (description, fishing_class_quick_reservation_id, instructor_id) values ('dui proin leo odio porttitor id', 2, 3);

insert into fishing_class_rate (rate, fishing_class_id, client_id,accepted,request) values (10, 5, 5,'false','true');
insert into fishing_class_rate (rate, fishing_class_id, client_id,accepted,request) values (7, 6, 3,'false','true');
insert into fishing_class_rate (rate, fishing_class_id, client_id,accepted,request) values (7, 7, 1,'false','true');
insert into fishing_class_rate (rate, fishing_class_id, client_id,accepted,request) values (10, 6, 7,'false','true');
insert into fishing_class_rate (rate, fishing_class_id, client_id,accepted,request) values (8, 7, 1,'false','true');
insert into fishing_class_rate (rate, fishing_class_id, client_id,accepted,request) values (10, 3, 3,'false','true');
insert into fishing_class_rate (rate, fishing_class_id, client_id,accepted,request) values (10, 3, 3,'false','true');
insert into fishing_class_rate (rate, fishing_class_id, client_id,accepted,request) values (10, 6, 7,'true','false');
insert into fishing_class_rate (rate, fishing_class_id, client_id,accepted,request) values (3, 1, 1,'true','false');
insert into fishing_class_rate (rate, fishing_class_id, client_id,accepted,request) values (5, 1, 3,'true','false');
insert into fishing_class_rate (rate, fishing_class_id, client_id,accepted,request) values (6, 1, 3,'true','false');
insert into fishing_class_rate (rate, fishing_class_id, client_id,accepted,request) values (8, 2, 7,'true','false');
insert into fishing_class_rate (rate, fishing_class_id, client_id,accepted,request) values (5, 2, 1,'true','false');
insert into fishing_class_rate (rate, fishing_class_id, client_id,accepted,request) values (10, 3, 3,'true','false');
insert into fishing_class_rate (rate, fishing_class_id, client_id,accepted,request) values (10, 3, 3,'true','false');

insert into fishing_equipment (name, description, fishing_class_quick_reservation_id) values ('Dump Truck', 'ac tellus semper interdum mauris', 1);
insert into fishing_equipment (name, description, fishing_class_quick_reservation_id) values ('Compactor', 'ultrices posuere cubilia', 1);
insert into fishing_equipment (name, description, fishing_class_reservation_id) values ('Skid-Steer', 'nec sem duis aliquam', 1);
insert into fishing_equipment (name, description, fishing_class_reservation_id) values ('Compactor', 'ultrices posuere cubilia', 5);
insert into fishing_equipment (name, description, boat_reservation_id) values ('Skid-Steer', 'nec sem duis aliquam', 5);
insert into fishing_equipment (name, description, boat_quick_reservation_id) values ('Skid-Steer', 'in hac habitasse platea dictumst morbi vestibulum', 2);
insert into fishing_equipment (name, description, fishing_class_reservation_id) values ('Grader', 'sollicitudin mi sit amet', 2);
insert into fishing_equipment (name, description, fishing_class_reservation_id) values ('Grader', 'pretium nisl ut volutpat sapien arcu', 4);
insert into fishing_equipment (name, description, fishing_class_quick_reservation_id) values ('Excavator', 'neque libero convallis eget eleifend luctus ultricies', 7);
insert into fishing_equipment (name, description, fishing_class_quick_reservation_id) values ('Dump Truck', 'ac tellus semper interdum mauris', 5);


insert into cottage_behavioral_rule (name, description, cottage_id) values ('nec dui luctus rutrum nulla tellus in sagitt', 'oncus mauris enim leo rhoncus sed', 7);
insert into cottage_behavioral_rule (name, description, cottage_id) values ('nulla sverra dapibus nulla', 's turpis enim blandit mi in porttitor pede justo eu', 7);
insert into cottage_behavioral_rule (name, description, cottage_id) values ('sempe in consequat ut nulla sed accumsan felis ut', 'tincidunt in leo maecenas pulvinar lobortis est phasellus sit amet erat', 2);
insert into cottage_behavioral_rule (name, description, cottage_id) values ('vestibulum abus orci luctus et ultrices posuere cubilia curae nulla', 'sit amet justo morbi ut odio cras mi pede malesuada in imperdiet et commodo vulpndit ultrices', 4);
insert into cottage_behavioral_rule (name, description, cottage_id) values ('posuere cubilia curae mauris viverra diam vitae quam suspendisse potenti nullam porttitor lacus at', 'iaculis congue vivamus metus tate eget nunc donec quis', 4);
insert into cottage_behavioral_rule (name, description, cottage_id) values ('nam dui pruat in consequat', 'quam nec dui luctus rutrum nulla tellus in sagittis dui vel nisl duis ac nibh fusce lacus', 5);
insert into cottage_behavioral_rule (name, description, cottage_id) values ('etiam pretiu platea dictumst etiam faucibus cursus urna ut tellus nulla ut erat id', 'lacus at velit vivamus vea volutpat erat quisque erat eros viverra', 6);

insert into cottage_quick_reservation (start_date, finish_date, start_date_action, finish_date_action, discount, max_people, client_id, cottage_id, status, price) values ('6/2/2022', '6/8/2022', '12/19/2021', '10/19/2022', 4, 9, 2, 7, 'active', 110);
insert into cottage_quick_reservation (start_date, finish_date, start_date_action, finish_date_action, discount, max_people, client_id, cottage_id, status, price) values ('11/19/2022', '12/2/2022','11/19/2021', '8/2/2022', 26, 10, 1, 1, 'booked', 120);
insert into cottage_quick_reservation (start_date, finish_date, start_date_action, finish_date_action, discount, max_people, client_id, cottage_id, status, price) values ('11/19/2022', '12/6/2022', '11/19/2021', '3/6/2022', 25, 11, 5, 5, 'booked', 100);
insert into cottage_quick_reservation (start_date, finish_date, start_date_action, finish_date_action, discount, max_people, client_id, cottage_id, status, price) values ('11/19/2021', '3/5/2022', '11/19/2021', '3/5/2022', 30, 1, 5, 6, 'free', 90);
insert into cottage_quick_reservation (start_date, finish_date, start_date_action, finish_date_action, discount, max_people, client_id, cottage_id, status, price) values ('6/12/2022', '6/24/2022', '11/19/2021', '5/24/2022', 28, 7, 7, 7, 'booked', 100);
insert into cottage_quick_reservation (start_date, finish_date, start_date_action, finish_date_action, discount, max_people, client_id, cottage_id, status, price) values ('11/19/2021', '11/21/2021', '11/19/2021', '11/21/2021', 14, 5, 5, 6, 'finished', 130);
insert into cottage_quick_reservation (start_date, finish_date, start_date_action, finish_date_action, discount, max_people, client_id, cottage_id, status, price) values ('11/19/2021', '11/20/2021', '11/19/2021', '11/20/2021', 11, 12, 7, 4, 'finished', 65);

insert into cottage_reservation (start_date, finish_date, max_people, client_id, cottage_id, status, price) values ('11/19/2021', '11/20/2022', 9, 1, 7, 'finished', 120);
insert into cottage_reservation (start_date, finish_date, max_people, client_id, cottage_id, status, price) values ('11/19/2021', '3/29/2022', 3, 5, 7, 'free', 130);
insert into cottage_reservation (start_date, finish_date, max_people, client_id, cottage_id, status, price) values ('11/19/2021', '1/11/2022', 3, 4, 2, 'free', 150);
insert into cottage_reservation (start_date, finish_date, max_people, client_id, cottage_id, status, price) values ('11/19/2021', '12/19/2021', 1, 6, 4, 'free', 100);
insert into cottage_reservation (start_date, finish_date, max_people, client_id, cottage_id, status, price) values ('11/19/2021', '12/15/2021', 5, 6, 4, 'booked', 120);
insert into cottage_reservation (start_date, finish_date, max_people, client_id, cottage_id, status, price) values ('11/19/2021', '11/21/2021', 11, 2, 5, 'finished', 130);
insert into cottage_reservation (start_date, finish_date, max_people, client_id, cottage_id, status, price) values ('11/19/2021', '11/22/2021', 2, 2, 3, 'finished', 150);

insert into cottage_complaint (description, cottage_reservation_id, client_id) values ('maecenas tincidunt lacus at velit vivamus vel nulla eget eros elementum pellentesque', 7, 3);
insert into cottage_complaint (description, cottage_reservation_id, client_id) values ('libero nullam sit amet turpis elementum ligula vehicula consequat morbi a ipsum integer', 6, 5);
insert into cottage_complaint (description, cottage_reservation_id, client_id) values ('sit amet turpis elementum ligula vehicula consequat morbi a ipsum integer a nibh in quis justo maecenas', 6, 2);
insert into cottage_complaint (description, cottage_reservation_id, client_id) values ('purus aliquet at feugiat non pretium quis lectus suspendisse potenti in eleifend', 4, 3);
insert into cottage_complaint (description, cottage_reservation_id, client_id) values ('adipiscing lorem vitae mattis nibh ligula nec sem duis aliquam convallis nunc proin at turpis a pede posuere nonummy', 1, 2);
insert into cottage_complaint (description, cottage_reservation_id, client_id) values ('sagittis sapien cum sociis natoque penatibus et magnis dis parturient', 4, 1);
insert into cottage_complaint (description, cottage_reservation_id, client_id) values ('in hac habitasse platea dictumst aliquam augue quam sollicitudin vitae consectetuer eget rutrum at lorem integer tincidunt', 6, 2);

insert into cottage_complaint (description, cottage_quick_reservation_id, client_id) values ('nulla suscipit ligula in lacus curabitur at ipsum ac tellus semper interdum', 1, 1);
insert into cottage_complaint (description, cottage_quick_reservation_id, client_id) values ('pede ac diam cras pellentesque volutpat dui maecenas tristique est', 7, 1);
insert into cottage_complaint (description, cottage_quick_reservation_id, client_id) values ('pretium iaculis justo in hac habitasse', 6, 1);
insert into cottage_complaint (description, cottage_quick_reservation_id, client_id) values ('platea dictumst etiam faucibus cursus', 3, 7);
insert into cottage_complaint (description, cottage_quick_reservation_id, client_id) values ('sed magna at nunc commodo placerat praesent blandit nam nulla integer', 5, 6);
insert into cottage_complaint (description, cottage_quick_reservation_id, client_id) values ('curabitur at ipsum ac tellus semper interdum mauris ullamcorper', 7, 2);
insert into cottage_complaint (description, cottage_quick_reservation_id, client_id) values ('tincidunt eu felis fusce posuere felis sed lacus morbi', 6, 2);

insert into cottage_report (description, cottage_quick_reservation_id, cottage_owner_id) values ('magnis dis parturient montes nascetur ridiculus mus vivamus vestibulum sagittis', 6, 5);
insert into cottage_report (description, cottage_quick_reservation_id, cottage_owner_id) values ('faucibus cursus urna ut tellus nulla ut erat', 4, 3);
insert into cottage_report (description, cottage_quick_reservation_id, cottage_owner_id) values ('magna at nunc commodo placerat praesent blandit nam nulla', 3, 3);
insert into cottage_report (description, cottage_reservation_id, cottage_owner_id) values ('nulla ut erat id mauris vulputate elementum nullam', 6, 2);
insert into cottage_report (description, cottage_reservation_id, cottage_owner_id) values ('diam erat fermentum justo nec condimentum neque sapien', 6, 6);
insert into cottage_report (description, cottage_reservation_id, cottage_owner_id) values ('amet nulla quisque arcu libero rutrum ac lobortis vel dapibus at diam', 3, 2);

insert into cottage_rate (rate, cottage_id, client_id,accepted,request) values (10, 6, 6,'false','true');
insert into cottage_rate (rate, cottage_id, client_id,accepted,request) values (9, 2, 6,'false','true');
insert into cottage_rate (rate, cottage_id, client_id,accepted,request) values (5, 7, 3,'true','true');
insert into cottage_rate (rate, cottage_id, client_id,accepted,request) values (10, 1, 1,'false','true');
insert into cottage_rate (rate, cottage_id, client_id,accepted,request) values (9, 7, 2,'true','true');
insert into cottage_rate (rate, cottage_id, client_id,accepted,request) values (5, 5, 3,'false','true');


insert into cottage_owner_rate (rate, cottage_owner_id, client_id,accepted,request) values (9, 1, 7,'false','true');
insert into cottage_owner_rate (rate, cottage_owner_id, client_id,accepted,request) values (7, 4, 5,'false','true');
insert into cottage_owner_rate (rate, cottage_owner_id, client_id,accepted,request) values (5, 5, 3,'false','true');
insert into cottage_owner_rate (rate, cottage_owner_id, client_id,accepted,request) values (5, 5, 3,'false','true');
insert into cottage_owner_rate (rate, cottage_owner_id, client_id,accepted,request) values (6, 2, 1,'false','true');
insert into cottage_owner_rate (rate, cottage_owner_id, client_id,accepted,request) values (6, 2, 2,'false','true');
insert into cottage_owner_rate (rate, cottage_owner_id, client_id,accepted,request) values (5, 5, 7,'false','true');


insert into additional_service (name, price, description, cottage_reservation_id) values ('WiFi', 3, 'id ligula suspendisse ornare', 1);
insert into additional_service (name, price, description, cottage_reservation_id) values ('parking', 4, 'id ligula suspendisse ornare', 2);
insert into additional_service (name, price, description, boat_reservation_id) values ('WiFi', 2, 'id ligula suspendisse ornare', 3);
insert into additional_service (name, price, description, boat_reservation_id) values ('minibar', 5, 'id ligula suspendisse ornare', 3);
insert into additional_service (name, price, description, cottage_reservation_id) values ('minibar', 3, 'id ligula suspendisse ornare', 1);
insert into additional_service (name, price, description, boat_reservation_id) values ('minibar', 1, 'id ligula suspendisse ornare', 2);
insert into additional_service (name, price, description, boat_reservation_id) values ('WiFi', 6, 'id ligula suspendisse ornare', 1);

insert into additional_service (name, price, description) values ('WiFi', 2, 'id ligula suspendisse ornare');
insert into additional_service (name, price, description) values ('Parking', 10, 'id ligula suspendisse ornare');
insert into additional_service (name, price, description) values ('WC', 12, 'id ligula suspendisse ornare');



INSERT INTO image (url, fishing_class_id) VALUES ('https://www.kirksflyshop.com/wp-content/uploads/2017/10/Kelly-Prier-Daugther-300x200.jpg', 1);
INSERT INTO image (url, fishing_class_id) VALUES ('https://www.everettpotter.com/wp-content/uploads/2010/09/6a00d8341c91bb53ef0115701c12c6970b-pi.jpg', 1);
INSERT INTO image (url, fishing_class_id) VALUES ('https://dreamcastidaho.com/wp-content/uploads/2016/03/services2-370x224.jpg', 1);

insert into cottageimage(url, cottage_id) VALUES ('https://www.arts.gov/sites/default/files/styles/nea_media_large_16x9/public/CottageTomMarks.jpeg?h=52605a11&itok=0gO-wCVA', 7)
insert into cottageimage(url, cottage_id) VALUES ('https://g-pulse.com/wordpress/wp-content/uploads/2020/11/G-Pulse-cottage-interior-design-Getty-cottage-interior-Hero.jpg', 7)

insert into boatimage(url, boat_id) VALUES ('https://www.quicksilver-boats.com/media/1tubmvsn/875_sundeck_running_0346_hero_2000x1125px_c.jpg?mode=crop&width=616&height=347&rnd=132800886602230000', 7)

INSERT INTO datespaninstructor (end_date, start_date, instructor_id) VALUES ('2022-07-01','2022-07-06',1);
INSERT INTO datespaninstructor (end_date, start_date, instructor_id) VALUES ('2022-07-15','2022-07-20',1);

insert into instructor_complaint (active, answer, description,client_id, instructor_id,version) values ('true', '', 'id ligula suspendisse ornare', 1,1,0);
insert into instructor_complaint (active, answer, description,client_id, instructor_id,version) values ('true', '', 'ooooo sto plavo oko', 2,2,0);


insert into instructor_report (bad,description,client_id,instructor_id) values ('true','oo sto plavo oko',1,1);
insert into instructor_report (bad,description,client_id,instructor_id) values ('true','namerno naginjes se',2,2);
insert into instructor_report (bad,description,client_id,instructor_id) values ('true','eh sto nisam sunce',3,3);

insert into reservation_points (points, owner_points) values (3,0);

insert into loyalty_category(name,description,discount,min_points,max_points) values ('Platinum','Gold kategorija',20,20,50);
insert into loyalty_category(name,description,discount,min_points,max_points) values ('Gold','Gold kategorija',10,10,20);
insert into loyalty_category(name,description,discount,min_points,max_points) values ('Silver','Silver kategorija',5,5,10);
insert into loyalty_category(name,description,discount,min_points,max_points) values ('bronze','Bronze kategorija',2,0,4);



insert into fishing_class_subscribers(fishing_class_id,client_id) values (1,1);
insert into fishing_class_subscribers(fishing_class_id,client_id) values (1,2);
insert into fishing_class_subscribers(fishing_class_id,client_id) values (1,3);
insert into fishing_class_subscribers(fishing_class_id,client_id) values (1,4);
insert into fishing_class_subscribers(fishing_class_id,client_id) values (1,5);
insert into fishing_class_subscribers(fishing_class_id,client_id) values (2,1);
insert into fishing_class_subscribers(fishing_class_id,client_id) values (2,2);
insert into fishing_class_subscribers(fishing_class_id,client_id) values (2,3);
insert into fishing_class_subscribers(fishing_class_id,client_id) values (2,4);
insert into fishing_class_subscribers(fishing_class_id,client_id) values (2,5);
insert into fishing_class_subscribers(fishing_class_id,client_id) values (3,1);
insert into fishing_class_subscribers(fishing_class_id,client_id) values (3,2);
insert into fishing_class_subscribers(fishing_class_id,client_id) values (3,3);
insert into fishing_class_subscribers(fishing_class_id,client_id) values (3,4);
insert into fishing_class_subscribers(fishing_class_id,client_id) values (3,5);

insert into cottage_subscribers(cottage_id,client_id) values (7,1);
insert into cottage_subscribers(cottage_id,client_id) values (7,2);
insert into cottage_subscribers(cottage_id,client_id) values (2,3);

insert into boat_subscribers(boat_id,client_id) values (7,1);
insert into boat_subscribers(boat_id,client_id) values (7,2);
insert into boat_subscribers(boat_id,client_id) values (2,3);

